name,NMDS1,NMDS2,cnd,env
s21004-1-1_kw210913_bmud_slee_01,-0.574660153,-0.297237269,seagrass,Saiki
s21004-1-2_kw210913_bmud_slee_02,-0.454686105,-0.306870847,seagrass,Saiki
s21004-1-3_kw210913_bmud_slee_03,-0.451879303,-0.323135695,seagrass,Saiki
s21004-1-4_kw210913_bmud_slee_04,-0.366521225,-0.308733097,seagrass,Saiki
s21004-1-5_kw210913_bmud_slee_05,-0.350839314,-0.431340832,seagrass,Saiki
s21004-1-6_kw210913_bmud_slee_06,-0.377437639,-0.477534886,seagrass,Saiki
s21004-2-1_kw210913_wout_slee_01,-0.612075329,-0.328089181,non,Saiki
s21004-2-2_kw210913_wout_slee_02,-0.462922418,-0.354965033,non,Saiki
s21004-2-3_kw210913_wout_slee_03,-0.354904509,-0.40065599,non,Saiki
s21004-2-4_kw210913_wout_slee_04,-0.511997713,-0.373622017,non,Saiki
s21004-2-5_kw210913_wout_slee_05,-0.525382504,-0.448850298,non,Saiki
s21004-2-6_kw210913_wout_slee_06,-0.484461318,-0.468669912,non,Saiki
s21004-5-1_kw210929_kwout_1_slee_01,-0.199120071,-0.920333679,seagrass,Saiki
s21004-5-2_kw210929_kwout_1_slee_02,-0.021771549,0.234137933,seagrass,Saiki
s21004-5-3_kw210929_kwout_2_slee_01,-0.884068866,0.685611509,seagrass,Saiki
s21004-5-4_kw210929_kwout_2_slee_02,-0.989118871,0.564895949,seagrass,Saiki
s21004-5-5_kw210929_kwout_3_slee_01,-0.103596486,-0.095971488,seagrass,Saiki
s21004-5-6_kw210929_kwout_3_slee_02,-0.51513125,0.711538747,seagrass,Saiki
s2215_1_kw2209_bmud_slee_1,0.474498501,-0.582804067,seagrass,Saiki
s2215_1_kw2209_bmud_slee_2,0.19263731,-0.654594241,seagrass,Saiki
s2215_1_kw2209_bmud_slee_3,-0.088651831,-0.517274174,seagrass,Saiki
s2215_1_kw2209_bmud_slee_4,0.211391717,-0.650604307,seagrass,Saiki
s2215_1_kw2209_bmud_slee_5,0.16937723,-0.691103395,seagrass,Saiki
s2215_1_kw2209_bmud_slee_6,0.068008586,-0.662739294,seagrass,Saiki
s2215_2_kw2209_wout1_slee_1,0.184264488,-0.048758448,seagrass,Saiki
s2215_2_kw2209_wout1_slee_2,0.390758898,-0.172464909,seagrass,Saiki
s2215_2_kw2209_wout1_slee_3,-0.21920851,-0.038835084,seagrass,Saiki
s2215_2_kw2209_wout1_slee_4,-0.548421264,0.323248564,seagrass,Saiki
s2215_2_kw2209_wout1_slee_5,-0.181141246,1.13555003,seagrass,Saiki
s2215_2_kw2209_wout1_slee_6,-0.22011319,0.855213999,seagrass,Saiki
s2215_3_kw2209_wout2_far_slee_1,0.006993908,-0.375671511,non,Saiki
s2215_3_kw2209_wout2_far_slee_2,0.362900142,-0.411717045,non,Saiki
s2215_3_kw2209_wout2_far_slee_3,-0.078406423,-0.323493397,non,Saiki
s2215_3_kw2209_wout2_far_slee_4,0.007994825,-0.312204149,non,Saiki
s2215_3_kw2209_wout2_far_slee_5,0.13036818,-0.468423072,non,Saiki
s2215_3_kw2209_wout2_far_slee_6,-0.047182066,-0.349977222,non,Saiki
s2212_nt_bmud_slee_1,0.095386162,-0.101269159,seagrass,Noto
s2212_nt_bmud_slee_2,0.154710179,-0.118162067,seagrass,Noto
s2212_nt_bmud_slee_3,0.238569214,-0.171045698,seagrass,Noto
s2212_nt_bmud_slee_4,0.334732948,-0.229221047,seagrass,Noto
s2212_nt_bmud_slee_5,0.159014499,-0.096160162,seagrass,Noto
s2212_nt_bmud_slee_6,0.109034121,-0.114262613,seagrass,Noto
s2212_nt_wout_slee_1,0.209011495,-0.109091234,non,Noto
s2212_nt_wout_slee_2,0.229768458,-0.086162699,non,Noto
s2212_nt_wout_slee_3,0.167565475,-0.004824541,non,Noto
s2212_nt_wout_slee_4,0.199002055,-0.09356294,non,Noto
s2212_nt_wout_slee_5,0.036047372,-0.024053431,non,Noto
s2212_nt_wout_slee_6,0.028830239,-0.065871458,non,Noto
s2312-1-nt230808-bmud-1,0.36680679,-0.010397935,seagrass,Noto
s2312-1-nt230808-bmud-2,0.29433047,0.008097954,seagrass,Noto
s2312-1-nt230808-bmud-3,0.40231467,0.020149917,seagrass,Noto
s2312-1-nt230808-bmud-4,0.133936871,0.116028039,seagrass,Noto
s2312-1-nt230808-bmud-5,0.625137924,-0.01645887,seagrass,Noto
s2312-1-nt230808-bmud-6,0.803796364,-0.225031678,seagrass,Noto
s2312-2-nt230808-wout-1,0.041642261,0.151478408,non,Noto
s2312-2-nt230808-wout-2,0.013642712,0.148984483,non,Noto
s2312-2-nt230808-wout-3,0.098826658,0.271144023,non,Noto
s2312-2-nt230808-wout-4,0.063781869,0.214147523,non,Noto
s2312-2-nt230808-wout-5,0.098438104,0.233988443,non,Noto
s2312-2-nt230808-wout-6,0.102186202,0.114049722,non,Noto
s2213_tyo_bmud_slee_1,0.105133171,-0.118751459,seagrass,Tokyo_HK
s2213_tyo_bmud_slee_2,0.105563912,-0.244284707,seagrass,Tokyo_HK
s2213_tyo_bmud_slee_3,0.142884182,-0.25769446,seagrass,Tokyo_HK
s2213_tyo_bmud_slee_4,0.067851093,-0.202890781,seagrass,Tokyo_HK
s2213_tyo_bmud_slee_5,0.047763057,-0.138787086,seagrass,Tokyo_HK
s2213_tyo_bmud_slee_6,0.132474989,-0.286415746,seagrass,Tokyo_HK
s2213_tyo_wout_slee_1,0.213405757,-0.224803906,non,Tokyo_HK
s2213_tyo_wout_slee_2,0.22628555,-0.215050111,non,Tokyo_HK
s2213_tyo_wout_slee_3,0.250251034,-0.23186021,non,Tokyo_HK
s2213_tyo_wout_slee_4,0.299740011,-0.225256697,non,Tokyo_HK
s2213_tyo_wout_slee_5,0.160527641,-0.216369883,non,Tokyo_HK
s2213_tyo_wout_slee_6,0.216898068,-0.203974637,non,Tokyo_HK
s2214_ksz_bmud_slee_1,0.600979425,0.233503412,seagrass,Tokyo_KC
s2214_ksz_bmud_slee_2,0.555381055,0.057777119,seagrass,Tokyo_KC
s2214_ksz_bmud_slee_3,0.461584637,-0.013976711,seagrass,Tokyo_KC
s2214_ksz_bmud_slee_4,0.514423544,0.137705751,seagrass,Tokyo_KC
s2214_ksz_bmud_slee_5,0.564803678,0.011473104,seagrass,Tokyo_KC
s2214_ksz_bmud_slee_6,0.517398648,0.06869497,seagrass,Tokyo_KC
s2214_ksz_wout_slee_1,0.62383402,0.35792528,non,Tokyo_KC
s2214_ksz_wout_slee_2,0.922073244,0.126928467,non,Tokyo_KC
s2214_ksz_wout_slee_3,0.525654568,0.161626704,non,Tokyo_KC
s2214_ksz_wout_slee_4,0.714746568,0.318008253,non,Tokyo_KC
s2214_ksz_wout_slee_5,0.649066284,0.200965753,non,Tokyo_KC
s2214_ksz_wout_slee_6,0.777852335,0.426301803,non,Tokyo_KC
s2306_hkt_bmud_1,-0.574936955,0.061582074,seagrass,Hakata
s2306_hkt_bmud_2,-0.660700347,0.310257486,seagrass,Hakata
s2306_hkt_bmud_3,-1.005255927,0.097227556,seagrass,Hakata
s2306_hkt_bmud_4,-0.767606615,0.130286713,seagrass,Hakata
s2306_hkt_bmud_5,-0.604004177,0.095714497,seagrass,Hakata
s2306_hkt_bmud_6,-0.869914343,0.150455183,seagrass,Hakata
s2306_hkt_wout_1,-0.974431963,0.091384577,non,Hakata
s2306_hkt_wout_2,-0.986543156,0.150407074,non,Hakata
s2306_hkt_wout_3,-0.811523983,0.157246409,non,Hakata
s2306_hkt_wout_4,-0.804486856,0.092269396,non,Hakata
s2306_hkt_wout_5,-0.863942036,0.116158118,non,Hakata
s2306_hkt_wout_6,-1.102755313,0.137705645,non,Hakata
s2311-bay1yng-okyJuly23-bmud-1,-0.09358414,0.136947249,seagrass,Okayama_K
s2311-bay1yng-okyJuly23-bmud-2,-0.109008816,0.207488128,seagrass,Okayama_K
s2311-bay1yng-okyJuly23-bmud-3,-0.14322071,0.120582741,seagrass,Okayama_K
s2311-bay1yng-okyJuly23-bmud-4,-0.086745936,0.158580552,seagrass,Okayama_K
s2311-bay1yng-okyJuly23-bmud-5,-0.154810581,0.09676961,seagrass,Okayama_K
s2311-bay1yng-okyJuly23-bmud-6,-0.191367241,0.107885771,seagrass,Okayama_K
s2311-bay1yng-okyJuly23-wout-1,-0.076529691,0.108719864,non,Okayama_K
s2311-bay1yng-okyJuly23-wout-2,0.008990472,0.091216913,non,Okayama_K
s2311-bay1yng-okyJuly23-wout-3,-0.18198846,0.152431389,non,Okayama_K
s2311-bay1yng-okyJuly23-wout-4,-0.066092627,0.030553972,non,Okayama_K
s2311-bay1yng-okyJuly23-wout-5,-0.201647608,0.196664748,non,Okayama_K
s2311-bay1yng-okyJuly23-wout-6,-0.105862526,0.168095963,non,Okayama_K
s2311-bay2gej-okyJuly23-bmud-1,-0.026944506,0.092181728,seagrass,Okayama_G
s2311-bay2gej-okyJuly23-bmud-2,-0.038352456,0.049604834,seagrass,Okayama_G
s2311-bay2gej-okyJuly23-bmud-3,-0.09017577,0.065663551,seagrass,Okayama_G
s2311-bay2gej-okyJuly23-bmud-4,0.01128428,0.035896366,seagrass,Okayama_G
s2311-bay2gej-okyJuly23-bmud-5,0.063226578,0.138679691,seagrass,Okayama_G
s2311-bay2gej-okyJuly23-bmud-6,0.10858951,0.05778479,seagrass,Okayama_G
s2311-bay2gej-okyJuly23-wout-1,-0.123956318,0.048967875,non,Okayama_G
s2311-bay2gej-okyJuly23-wout-2,-0.296153702,0.114908631,non,Okayama_G
s2311-bay2gej-okyJuly23-wout-3,-0.045997815,0.077272578,non,Okayama_G
s2311-bay2gej-okyJuly23-wout-4,-0.118282636,0.023042708,non,Okayama_G
s2311-bay2gej-okyJuly23-wout-5,-0.171960395,0.079792921,non,Okayama_G
s2311-bay2gej-okyJuly23-wout-6,-0.169732811,0.083498672,non,Okayama_G
s2314-1-ktk230802-bmud-1,0.322574847,0.428501549,seagrass,Kitsuki
s2314-1-ktk230802-bmud-2,0.604348719,0.501217468,seagrass,Kitsuki
s2314-1-ktk230802-bmud-3,0.294610594,0.512895122,seagrass,Kitsuki
s2314-1-ktk230802-bmud-4,0.325108228,0.475329175,seagrass,Kitsuki
s2314-1-ktk230802-bmud-5,0.355049912,0.375622163,seagrass,Kitsuki
s2314-1-ktk230802-bmud-6,0.427023896,-0.464886593,seagrass,Kitsuki
s2314-2-ktk230802-wout-1,0.37965717,0.373540396,non,Kitsuki
s2314-2-ktk230802-wout-2,0.46714036,0.336636006,non,Kitsuki
s2314-2-ktk230802-wout-3,0.514609934,0.34664917,non,Kitsuki
s2314-2-ktk230802-wout-4,0.743982128,0.230188687,non,Kitsuki
s2314-2-ktk230802-wout-5,0.427619658,0.378113186,non,Kitsuki
s2314-2-ktk230802-wout-6,0.486115917,0.425458304,non,Kitsuki