name,ELA_seagrass_score
E_Corallinophycidae,1.480342961
B_Hyphomonadaceae,1.005245885
B_Defluviitaleaceae,0.82297447
B_Desulfobulbaceae,1.680125278
E_Novel_Apicomplexa_Class_1,0.936485077
E_Rhodymeniophycidae,0.446613477
B_Kiloniellaceae,-1.049763641
B_Pirellulaceae,-1.098444158
B_Flavobacteriaceae,-0.153301491
E_Intramacronucleata,-1.538257113
B_Crocinitomicaceae,0.722123219
B_Marinilabiliaceae,-1.333681083
B_BD7_8_other,-0.929239892
B_uncultured_Aminicenantes_bacterium,0.205947826
B_Erysipelotrichaceae,0.152878143
B_bacterium_enrichment_culture_clone_22(2013),0.541444984
B_Clostridiaceae_1,0.17336211